TRAIN NO,STATION NAME,STATION CODE,DESTINATION,ARRIVAL TIME,DEPARTURE TIME,DAY,COACH,NO OF TICKETS,AMOUNT,TRAIN NAME,DATE_TIME,PNR NUMBER,booking id,departure_DATE,arrival_DATE,ACCOUNT NUMBER,NAME,PHONE NO
99908,PUNE JN.,PUNE,TALEGAON,00:00:00,23:00:00,Sunday,Sleeper,5,1020,EMU,11-08-2021,637966,7234,14-08-2021,14-08-2021,192038492,Sneha Nair,9463217582
99908,PUNE JN.,PUNE,TALEGAON,00:00:00,23:00:00,Sunday,Sleeper,4,816,EMU,12-08-2021,637966,7234,15-08-2021,15-08-2021,923405642,Riya Jain,7456982315
99908,PUNE JN.,PUNE,TALEGAON,20:00.0,00:00.0,Sunday,2-tier,2,208,EMU,13-08-2021,637966,7234,16-08-2021,16-08-2021,128930124,Sithara JP,8961237564
99908,PUNE JN.,PUNE,TALEGAON,20:00.0,00:00.0,Sunday,3-tier,104,10816,EMU,13-08-2021,637966,7234,17-08-2021,17-08-2021,123456786,Varshitha Kesa,8796352450
99908,PUNE JN.,PUNE,TALEGAON,20:00.0,00:00.0,Sunday,Sleeper,1,204,EMU,14-08-2021,637966,7847,18-08-2021,18-08-2021,192038492,Sneha Nair,9463217582
99908,PUNE JN.,PUNE,TALEGAON,20:00.0,00:00.0,Sunday,Sleeper,3,612,EMU,14-08-2021,637966,2140,19-08-2021,19-08-2021,821093454,Harry styles,9856321446
99908,PUNE JN.,PUNE,TALEGAON,19:18:00,19:19:00,Sunday,2-tier,2,208,EMU,14-08-2021,703035,6266,28-03-2021,28-03-2021,,,
99907,TALEGAON,TGN,PUNE JN.,16:38:00,16:38:00,Thursday,General,102,16320,EMU,14-08-2021,480277,7623,25-03-2021,25-03-2021,,,
